region,revenue_sum,revenue_mean,quantity_sum,discount_mean
East,26800,4466.666666666667,16,0.07833333333333334
North,43550,7258.333333333333,13,0.085
South,13900,2780.0,11,0.096
West,32500,5416.666666666667,16,0.105
